name,gender,country,count
Md,M,AE,132181.0
Muhammad,M,AE,84884.0
Mohammed,M,AE,51575.0
Abdul,M,AE,48408.0
Ali,M,AE,40866.0
Mohammad,M,AE,39532.0
Ahmed,M,AE,31549.0
Mohamed,M,AE,30575.0
محمد,M,AE,25879.0
Ahmad,M,AE,15871.0
Mohammad,M,AF,3768.0
Ahmad,M,AF,3740.0
محمد,M,AF,3078.0
Ali,M,AF,2060.0
Abdullah,M,AF,1775.0
Haji,M,AF,1770.0
Abdul,M,AF,1675.0
احمد,M,AF,1468.0
Omid,M,AF,1466.0
Hamid,M,AF,1442.0
Ilir,M,AL,2287.0
Arben,M,AL,2033.0
Andi,M,AL,1827.0
Altin,M,AL,1766.0
Ana,F,AL,1723.0
Gezim,M,AL,1637.0
Denis,M,AL,1486.0
Klajdi,M,AL,1473.0
Ervin,M,AL,1461.0
Agim,M,AL,1383.0
Maria,F,AO,2348.0
Manuel,M,AO,2257.0
Pedro,M,AO,2165.0
Carlos,M,AO,1879.0
Paulo,M,AO,1801.0
José,M,AO,1650.0
Francisco,M,AO,1585.0
Ana,F,AO,1497.0
João,M,AO,1458.0
Antonio,M,AO,1366.0
Juan,M,AR,21823.0
Maria,F,AR,20758.0
Carlos,M,AR,19728.0
Daniel,M,AR,17403.0
Jorge,M,AR,15939.0
Pablo,M,AR,13757.0
Jose,M,AR,13512.0
Luis,M,AR,13249.0
Diego,M,AR,12419.0
Marcelo,M,AR,12356.0
Michael,M,AT,14146.0
Thomas,M,AT,13803.0
Christian,M,AT,13149.0
Andreas,M,AT,11776.0
Markus,M,AT,11229.0
Martin,M,AT,10511.0
Stefan,M,AT,10306.0
Peter,M,AT,8982.0
Daniel,M,AT,8917.0
Franz,M,AT,7697.0
Anar,M,AZ,928.0
Elnur,M,AZ,840.0
Elvin,M,AZ,831.0
Samir,M,AZ,831.0
Orxan,M,AZ,783.0
Tural,M,AZ,769.0
Vusal,M,AZ,708.0
Emin,M,AZ,655.0
Ruslan,M,AZ,627.0
Ali,M,AZ,594.0
Md,M,BD,287051.0
,M,BD,30529.0
Mohammad,M,BD,26566.0
Md,,BD,26351.0
Abdul,M,BD,17272.0
Md,F,BD,17107.0
Ahmed,M,BD,12464.0
Abu,M,BD,9316.0
Sumon,M,BD,9132.0
Mohammed,M,BD,8415.0
Marc,M,BE,13214.0
Patrick,M,BE,11987.0
David,M,BE,11161.0
Nathalie,F,BE,10775.0
Kevin,M,BE,10237.0
Thomas,M,BE,9857.0
Luc,M,BE,9855.0
Tom,M,BE,9603.0
Jan,M,BE,9468.0
Peter,M,BE,9037.0
Adama,M,BF,73.0
Moussa,M,BF,59.0
Issa,M,BF,46.0
Souleymane,M,BF,45.0
Ouedraogo,M,BF,43.0
Karim,M,BF,42.0
Boureima,M,BF,41.0
Abdoulaye,M,BF,41.0
Mariam,F,BF,38.0
Yacouba,M,BF,37.0
Ivan,M,BG,4788.0
Georgi,M,BG,4430.0
Dimitar,M,BG,2909.0
Георги,M,BG,2734.0
Иван,M,BG,2478.0
Maria,F,BG,1961.0
Димитър,M,BG,1949.0
Мария,F,BG,1873.0
Николай,M,BG,1854.0
Nikolay,M,BG,1792.0
Md,,BH,82234.0
Ali,,BH,14608.0
Mohammed,,BH,12771.0
Ahmed,,BH,10959.0
Muhammad,,BH,9946.0
محمد,,BH,8233.0
Abdul,,BH,8195.0
Mohammad,,BH,7732.0
Hussain,,BH,5422.0
Fatima,,BH,5053.0
Eric,M,BI,103.0
Jean Claude,M,BI,84.0
Emmanuel,M,BI,66.0
Aline,F,BI,65.0
Alexis,M,BI,60.0
Thierry,M,BI,56.0
Alice,F,BI,55.0
Innocent,M,BI,53.0
Jean Marie,M,BI,51.0
Egide,M,BI,47.0
Md,M,BN,2840.0
Nur,F,BN,736.0
Mohd,M,BN,633.0
Abdul,M,BN,618.0
Siti,F,BN,568.0
Ahmad,M,BN,548.0
Muhammad,M,BN,534.0
Mohammad,M,BN,470.0
Nurul,F,BN,460.0
Hjh,F,BN,401.0
Juan,M,BO,21785.0
Carlos,M,BO,19570.0
Luis,M,BO,18078.0
Jose,M,BO,17758.0
Maria,F,BO,16691.0
Daniel,M,BO,14059.0
David,M,BO,13667.0
Jorge,M,BO,12931.0
Juan Carlos,M,BO,12848.0
Fernando,M,BO,12588.0
Maria,F,BR,121170.0
Lucas,M,BR,54020.0
Ana,F,BR,49674.0
Marcos,M,BR,41490.0
Carlos,M,BR,40882.0
Paulo,M,BR,40278.0
Francisco,M,BR,39900.0
Gabriel,M,BR,38399.0
Rafael,M,BR,35272.0
Pedro,M,BR,35063.0
Neo,F,BW,742.0
Kabelo,M,BW,629.0
Thabo,M,BW,585.0
Gaone,F,BW,577.0
Tebogo,F,BW,577.0
Boitumelo,F,BW,538.0
Mpho,F,BW,518.0
Kagiso,M,BW,513.0
Masego,F,BW,507.0
Thato,F,BW,499.0
David,M,CA,15746.0
John,M,CA,14723.0
Michael,M,CA,14576.0
Mike,M,CA,12124.0
Chris,M,CA,11980.0
Daniel,M,CA,10725.0
Kevin,M,CA,10026.0
Andrew,M,CA,9872.0
Ryan,M,CA,9705.0
Alex,M,CA,9589.0
Daniel,M,CH,9799.0
Thomas,M,CH,7249.0
Marco,M,CH,6587.0
Sandra,F,CH,6543.0
Michael,M,CH,6304.0
Peter,M,CH,6160.0
Patrick,M,CH,5950.0
David,M,CH,5839.0
Christian,M,CH,5838.0
Maria,F,CH,5735.0
Juan,M,CL,79146.0
Luis,M,CL,76513.0
Carlos,M,CL,65253.0
Maria,F,CL,65085.0
Jose,M,CL,60133.0
Jorge,M,CL,50238.0
Cristian,M,CL,45742.0
Francisco,M,CL,41121.0
Rodrigo,M,CL,38289.0
Felipe,M,CL,37237.0
Marie,F,CM,9045.0
Emmanuel,M,CM,7347.0
Joseph,M,CM,6984.0
Jean,M,CM,6831.0
Christelle,F,CM,5943.0
Christian,M,CM,5282.0
Eric,M,CM,5101.0
Alain,M,CM,4847.0
Michel,M,CM,4489.0
Pierre,M,CM,4417.0
Jack,M,CN,2457.0
Jason,M,CN,2432.0
Kevin,M,CN,2409.0
David,M,CN,2267.0
Amy,F,CN,2010.0
Michael,M,CN,1872.0
Eric,M,CN,1797.0
Alex,M,CN,1712.0
Lily,F,CN,1676.0
Alice,F,CN,1636.0
Andres,M,CO,178995.0
Juan,M,CO,178064.0
Carlos,M,CO,177311.0
Maria,F,CO,157234.0
Jose,M,CO,150308.0
Luis,M,CO,140251.0
Daniel,M,CO,101114.0
Jorge,M,CO,96687.0
David,M,CO,88126.0
Diana,F,CO,87642.0
Carlos,M,CR,15986.0
Jose,M,CR,14367.0
Luis,M,CR,13164.0
Maria,F,CR,11002.0
Ana,F,CR,9160.0
Jorge,M,CR,9057.0
David,M,CR,7290.0
Juan,M,CR,7248.0
Daniel,M,CR,7206.0
Mario,M,CR,5536.0
Maria,F,CY,2483.0
Andreas,M,CY,2239.0
George,M,CY,1612.0
Elena,F,CY,1238.0
Marios,M,CY,1203.0
Christos,M,CY,1003.0
Anna,F,CY,712.0
Michalis,M,CY,633.0
Giorgos,M,CY,614.0
Eleni,F,CY,576.0
Petr,M,CZ,35082.0
Martin,M,CZ,30239.0
Jana,F,CZ,29382.0
Jan,M,CZ,25616.0
Tomáš,M,CZ,22902.0
Pavel,M,CZ,22349.0
Michal,M,CZ,20316.0
Petra,F,CZ,19481.0
Lenka,F,CZ,18493.0
Jiří,M,CZ,18219.0
Michael,M,DE,70699.0
Thomas,M,DE,63402.0
Andreas,M,DE,53421.0
Christian,M,DE,50408.0
Stefan,M,DE,39552.0
Daniel,M,DE,38750.0
Peter,M,DE,37067.0
Frank,M,DE,36239.0
Markus,M,DE,31774.0
Martin,M,DE,30440.0
Mohamed,M,DJ,195.0
Ahmed,M,DJ,155.0
Ali,M,DJ,132.0
Med,M,DJ,130.0
Hassan,M,DJ,117.0
Abdi,M,DJ,84.0
Houssein,M,DJ,71.0
Omar,M,DJ,67.0
Asma,F,DJ,62.0
Moussa,M,DJ,61.0
Michael,M,DK,4933.0
Thomas,M,DK,4847.0
Peter,M,DK,4815.0
Martin,M,DK,4265.0
Henrik,M,DK,4223.0
Lars,M,DK,4120.0
Christian,M,DK,3908.0
Morten,M,DK,3880.0
Jesper,M,DK,3796.0
Søren,M,DK,3701.0
Mohamed,,DZ,185703.0
Amine,,DZ,92864.0
Ahmed,,DZ,74942.0
محمد,,DZ,67635.0
Ali,,DZ,63644.0
Karim,,DZ,63529.0
Samir,,DZ,57797.0
Hamza,,DZ,56960.0
Abdou,,DZ,47052.0
Walid,,DZ,45879.0
Luis,M,EC,4083.0
Carlos,M,EC,3404.0
Jose,M,EC,2857.0
Maria,F,EC,2382.0
Juan,M,EC,2053.0
Jorge,M,EC,2003.0
Fernando,M,EC,1554.0
Angel,M,EC,1513.0
David,M,EC,1455.0
Javier,M,EC,1317.0
Olga,F,EE,727.0
Irina,F,EE,621.0
Anna,F,EE,620.0
Aleksandr,M,EE,581.0
Jelena,F,EE,574.0
Sergei,M,EE,565.0
Tatjana,F,EE,544.0
Svetlana,F,EE,535.0
Natalja,F,EE,520.0
Martin,M,EE,504.0
محمد,M,EG,1584172.0
Ahmed,M,EG,1487556.0
Mohamed,M,EG,1446833.0
احمد,M,EG,936642.0
ابو,M,EG,539294.0
محمود,M,EG,503080.0
Mahmoud,M,EG,470299.0
Mostafa,M,EG,279986.0
Ana,F,EG,222527.0
Amr,M,EG,169842.0
Jose,M,ES,140527.0
Antonio,M,ES,139560.0
Maria,F,ES,129661.0
Ana,F,ES,107763.0
Juan,M,ES,104453.0
Carmen,F,ES,104208.0
Manuel,M,ES,103383.0
David,M,ES,101651.0
Carlos,M,ES,87810.0
Javier,M,ES,85702.0
Mohammed,M,ET,56.0
Seid,M,ET,45.0
Ahmed,M,ET,42.0
Jemal,M,ET,42.0
Dawit,M,ET,33.0
Abdi,M,ET,33.0
Selam,F,ET,33.0
Tesfaye,M,ET,32.0
Solomon,M,ET,30.0
Abdu,M,ET,30.0
Mikko,M,FI,9576.0
Juha,M,FI,8891.0
Antti,M,FI,8291.0
Mika,M,FI,8233.0
Ville,M,FI,8114.0
Timo,M,FI,7951.0
Janne,M,FI,7799.0
Jari,M,FI,7698.0
Sami,M,FI,7441.0
Minna,F,FI,7223.0
Mohammed,M,FJ,36.0
John,M,FJ,20.0
Joe,M,FJ,17.0
Jone,M,FJ,15.0
Jay,M,FJ,14.0
Tevita,M,FJ,13.0
Junior,M,FJ,13.0
Ben,M,FJ,12.0
Dee,F,FJ,11.0
Mere,F,FJ,10.0
Nicolas,M,FR,103782.0
Marie,F,FR,102533.0
David,M,FR,93521.0
Julien,M,FR,89982.0
Philippe,M,FR,87284.0
Christophe,M,FR,86074.0
Nathalie,F,FR,84282.0
Thomas,M,FR,81162.0
Sylvie,F,FR,76701.0
Pierre,M,FR,75631.0
David,M,GB,103810.0
Paul,M,GB,101725.0
John,M,GB,101335.0
James,M,GB,88189.0
Mark,M,GB,82323.0
Chris,M,GB,74134.0
Sarah,F,GB,67275.0
Michael,M,GB,64154.0
Andrew,M,GB,55812.0
Emma,F,GB,53555.0
Giorgi,M,GE,2221.0
Nino,F,GE,1155.0
Mariam,F,GE,813.0
Dato,M,GE,810.0
Gio,M,GE,770.0
Nika,M,GE,755.0
Mari,F,GE,725.0
Irakli,M,GE,692.0
Natia,F,GE,686.0
Nana,F,GE,566.0
Emmanuel,M,GH,10003.0
Nana,M,GH,9662.0
Samuel,M,GH,7421.0
Isaac,M,GH,6481.0
Daniel,M,GH,4958.0
Francis,M,GH,4726.0
Kofi,M,GH,4537.0
Joseph,M,GH,4468.0
Nana,F,GH,4453.0
Richard,M,GH,4425.0
Maria,F,GR,8224.0
Dimitris,M,GR,7473.0
Nikos,M,GR,6894.0
George,M,GR,6473.0
Kostas,M,GR,4860.0
Giannis,M,GR,4724.0
Giorgos,M,GR,4470.0
Katerina,F,GR,3704.0
Eleni,F,GR,3324.0
Anna,F,GR,2840.0
Carlos,M,GT,17429.0
Jose,M,GT,15411.0
Luis,M,GT,14454.0
Juan,M,GT,10741.0
Mario,M,GT,7886.0
Alex,M,GT,7262.0
Jorge,M,GT,7177.0
Maria,F,GT,7173.0
David,M,GT,6333.0
Daniel,M,GT,6256.0
May,F,HK,9700.0
Chan,M,HK,8982.0
Ken,M,HK,7862.0
Amy,F,HK,7759.0
Andy,M,HK,7644.0
Wong,M,HK,7475.0
Eric,M,HK,7386.0
Chan,F,HK,6986.0
Sam,M,HK,6909.0
Tony,M,HK,6775.0
Jose,M,HN,201.0
Carlos,M,HN,187.0
Luis,M,HN,125.0
Maria,F,HN,91.0
Josue,M,HN,90.0
Kevin,M,HN,78.0
David,M,HN,76.0
Juan,M,HN,70.0
Alex,M,HN,65.0
Oscar,M,HN,63.0
Ivan,M,HR,17032.0
Ivana,F,HR,10501.0
Marko,M,HR,10133.0
Ana,F,HR,9221.0
Josip,M,HR,8708.0
Marija,F,HR,8014.0
Luka,M,HR,6959.0
Mario,M,HR,6852.0
Tomislav,M,HR,6699.0
Ante,M,HR,5709.0
Jean,M,HT,81.0
Pierre,M,HT,67.0
Junior,M,HT,65.0
Joseph,M,HT,63.0
James,M,HT,55.0
Joseph,F,HT,43.0
Pierre,F,HT,41.0
Louis,M,HT,40.0
Emmanuel,M,HT,37.0
Darline,F,HT,35.0
László,M,HU,5300.0
Gábor,M,HU,5036.0
Zoltán,M,HU,4930.0
Attila,M,HU,4914.0
Tamás,M,HU,4591.0
Péter,M,HU,4322.0
István,M,HU,4174.0
Zsolt,M,HU,3914.0
Andrea,F,HU,3093.0
Katalin,F,HU,3033.0
Agus,M,ID,702.0
Muhammad,M,ID,684.0
Budi,M,ID,422.0
Bambang,M,ID,405.0
,M,ID,397.0
Ahmad,M,ID,386.0
Sri,F,ID,345.0
Andi,M,ID,315.0
Dewi,F,ID,308.0
Hendra,M,ID,303.0
John,M,IE,23094.0
Mary,F,IE,18272.0
David,M,IE,13626.0
Michael,M,IE,13427.0
Paul,M,IE,13007.0
James,M,IE,10108.0
Sean,M,IE,9831.0
Mark,M,IE,9107.0
Brian,M,IE,8379.0
Sarah,F,IE,8013.0
محمد,M,IL,28078.0
Ahmad,M,IL,17575.0
ام,F,IL,15560.0
ابو,M,IL,11393.0
احمد,M,IL,10898.0
משה,M,IL,10807.0
David,M,IL,10441.0
Mohammad,M,IL,10401.0
Daniel,M,IL,10203.0
יוסי,M,IL,9274.0
Rahul,M,IN,42025.0
Md,M,IN,38034.0
Ajay,M,IN,26399.0
Sanjay,M,IN,25972.0
Sunil,M,IN,25873.0
,M,IN,25763.0
Raj,M,IN,24685.0
Rajesh,M,IN,24421.0
Deepak,M,IN,23811.0
Ravi,M,IN,23554.0
علي,M,IQ,475678.0
محمد,M,IQ,432792.0
احمد,M,IQ,321595.0
حسين,M,IQ,255516.0
ابو,M,IQ,234172.0
حيدر,M,IQ,163024.0
Ali,M,IQ,156954.0
عباس,M,IQ,134726.0
مصطفى,M,IQ,128301.0
حسن,M,IQ,126462.0
Ali,M,IR,58740.0
Mohammad,M,IR,40866.0
Petr,M,IR,35106.0
Reza,M,IR,31571.0
Martin,M,IR,29754.0
Jana,F,IR,29536.0
Amir,M,IR,28096.0
Jan,M,IR,26062.0
Pavel,M,IR,22875.0
Tomáš,M,IR,22596.0
Anna,F,IS,243.0
Sigurður,M,IS,230.0
Jón,M,IS,214.0
Gunnar,M,IS,213.0
Guðrún,F,IS,192.0
Guðmundur,M,IS,191.0
Einar,M,IS,163.0
Helga,F,IS,162.0
Margrét,F,IS,148.0
Kristín,F,IS,138.0
Giuseppe,M,IT,481422.0
Francesco,M,IT,477170.0
Antonio,M,IT,449272.0
Marco,M,IT,440391.0
Andrea,M,IT,432202.0
Maria,F,IT,360527.0
Alessandro,M,IT,332221.0
Anna,F,IT,327347.0
Luca,M,IT,318174.0
Giovanni,M,IT,297959.0
Anthony,M,JM,1796.0
Andre,M,JM,1643.0
Kevin,M,JM,1609.0
Michael,M,JM,1588.0
Omar,M,JM,1470.0
Ricardo,M,JM,1324.0
Richard,M,JM,1294.0
Andrew,M,JM,1274.0
Dwayne,M,JM,1266.0
Christopher,M,JM,1252.0
محمد,M,JO,98935.0
Ahmad,M,JO,51724.0
احمد,M,JO,48581.0
Mohammad,M,JO,42524.0
ابو,M,JO,32081.0
محمود,M,JO,23602.0
ام,F,JO,22411.0
علي,M,JO,17878.0
خالد,M,JO,17450.0
Mohammed,M,JO,17399.0
,M,JP,4827.0
Takashi,M,JP,1368.0
,F,JP,1341.0
Hiroshi,M,JP,1301.0
Yuki,M,JP,1059.0
Yuka,F,JP,1047.0
Yusuke,M,JP,1045.0
Yuki,F,JP,1010.0
Yuko,F,JP,994.0
Daisuke,M,JP,986.0
Srey,F,KH,16.0
Bong,M,KH,15.0
Ah,F,KH,13.0
Meas,M,KH,11.0
បង,M,KH,11.0
Ly,M,KH,10.0
Sok,M,KH,10.0
Chan,M,KH,10.0
Ah,,KH,10.0
So,M,KH,10.0
,M,KR,577.0
미경,F,KR,236.0
경희,F,KR,230.0
영수,M,KR,219.0
미숙,F,KR,218.0
영호,M,KR,205.0
성호,M,KR,203.0
,F,KR,202.0
영철,M,KR,198.0
영숙,F,KR,196.0
Md,M,KW,60545.0
,M,KW,54764.0
Ahmed,M,KW,29207.0
Ali,M,KW,26893.0
Mohamed,M,KW,26828.0
Mohammed,M,KW,22924.0
Mohammad,M,KW,18460.0
Abdul,M,KW,16898.0
Shaik,M,KW,14281.0
Ahmad,M,KW,14226.0
Александр,M,KZ,19070.0
Елена,F,KZ,18939.0
Татьяна,F,KZ,18927.0
Наталья,F,KZ,18257.0
Сергей,M,KZ,16555.0
Ирина,F,KZ,15160.0
Светлана,F,KZ,14786.0
Ольга,F,KZ,14562.0
Руслан,M,KZ,13374.0
Айгуль,F,KZ,13113.0
Ali,,LB,40586.0
محمد,,LB,28101.0
Ahmad,,LB,27821.0
Mohamad,,LB,16110.0
احمد,,LB,14104.0
ابو,,LB,13498.0
علي,,LB,12913.0
Hassan,,LB,12220.0
Mohammad,,LB,11599.0
Fatima,,LB,10513.0
Tomas,M,LT,2444.0
Kristina,F,LT,1789.0
Mindaugas,M,LT,1786.0
Lina,F,LT,1768.0
Andrius,M,LT,1732.0
Darius,M,LT,1624.0
Rasa,F,LT,1601.0
Daiva,F,LT,1475.0
Marius,M,LT,1423.0
Mantas,M,LT,1422.0
Maria,F,LU,1018.0
Carlos,M,LU,928.0
David,M,LU,896.0
Daniel,M,LU,868.0
Patrick,M,LU,848.0
Marc,M,LU,846.0
Paulo,M,LU,826.0
Sandra,F,LU,816.0
Antonio,M,LU,728.0
Ana,F,LU,701.0
محمد,,LY,133356.0
ام,,LY,50510.0
احمد,,LY,50447.0
علي,,LY,39154.0
Ahmed,,LY,35265.0
Mohamed,,LY,33848.0
Ali,,LY,27783.0
Mohammed,,LY,24556.0
أم,,LY,23499.0
خالد,,LY,20937.0
Mohamed,,MA,471586.0
,,MA,231227.0
Simo,,MA,230641.0
Said,,MA,190462.0
Rachid,,MA,188076.0
Hassan,,MA,178672.0
Youssef,,MA,175514.0
Ahmed,,MA,159101.0
Abdo,,MA,156705.0
Ayoub,,MA,144900.0
Ion,M,MD,742.0
Elena,F,MD,539.0
Maria,F,MD,501.0
Tatiana,F,MD,475.0
Natalia,F,MD,475.0
Andrei,M,MD,429.0
Sergiu,M,MD,379.0
Ana,F,MD,377.0
Victor,M,MD,338.0
Cristina,F,MD,324.0
Sam,M,MO,904.0
Ken,M,MO,852.0
Nguyen,F,MO,850.0
May,F,MO,831.0
,M,MO,758.0
Chan,M,MO,696.0
Alex,M,MO,675.0
Amy,F,MO,675.0
Eric,M,MO,650.0
Andy,M,MO,641.0
Joseph,M,MT,1529.0
Maria,F,MT,986.0
Mario,M,MT,899.0
John,M,MT,775.0
Carmen,F,MT,744.0
Rita,F,MT,741.0
Paul,M,MT,711.0
Mark,M,MT,700.0
David,M,MT,639.0
Joe,M,MT,637.0
Ana,F,MU,10451.0
Pedro,M,MU,10369.0
João,M,MU,9355.0
Maria,F,MU,9102.0
Carlos,M,MU,6866.0
Paulo,M,MU,6717.0
Rui,M,MU,6162.0
Ricardo,M,MU,6019.0
Miguel,M,MU,5622.0
Nuno,M,MU,5557.0
Mohamed,M,MV,3880.0
Md,M,MV,3499.0
Ahmed,M,MV,3397.0
Ali,M,MV,1508.0
Ibrahim,M,MV,1493.0
Aishath,F,MV,981.0
Abdulla,M,MV,874.0
Hassan,M,MV,829.0
Hussain,M,MV,827.0
Aminath,F,MV,761.0
Jose,M,MX,139094.0
Juan,M,MX,129572.0
Luis,M,MX,127585.0
Carlos,M,MX,124848.0
Jesus,M,MX,101158.0
Jorge,M,MX,90002.0
Alejandro,M,MX,84172.0
Daniel,M,MX,78366.0
Maria,F,MX,76883.0
Miguel,M,MX,73827.0
Mohd,M,MY,154154.0
Muhammad,M,MY,94798.0
Nur,F,MY,87112.0
Md,M,MY,69130.0
Siti,F,MY,61157.0
Nurul,F,MY,54755.0
Ahmad,M,MY,45928.0
Muhd,M,MY,45181.0
Nor,F,MY,40162.0
Mohamad,M,MY,32695.0
Ibrahim,M,NG,52449.0
Emmanuel,M,NG,52336.0
Abubakar,M,NG,45557.0
Blessing,F,NG,38688.0
Muhammad,M,NG,35991.0
John,M,NG,33424.0
Samuel,M,NG,32050.0
Abdullahi,M,NG,28957.0
Sunday,M,NG,28837.0
Umar,M,NG,28459.0
Jan,M,NL,49254.0
Peter,M,NL,36376.0
Hans,M,NL,26988.0
Henk,M,NL,26982.0
Jeroen,M,NL,21186.0
Rob,M,NL,20234.0
John,M,NL,20130.0
Mark,M,NL,17596.0
Dennis,M,NL,17503.0
Marcel,M,NL,16956.0
Thomas,M,NO,2098.0
Anne,F,NO,1860.0
Morten,M,NO,1783.0
Bjørn,M,NO,1736.0
Lars,M,NO,1710.0
Jan,M,NO,1674.0
Andreas,M,NO,1631.0
Martin,M,NO,1587.0
Anders,M,NO,1563.0
Daniel,M,NO,1510.0
Md,M,OM,283880.0
محمد,M,OM,45567.0
Mohammed,M,OM,35467.0
Muhammad,M,OM,31495.0
Ali,M,OM,27695.0
Ahmed,M,OM,26455.0
Md,F,OM,25207.0
Mohammad,M,OM,24331.0
Abdul,M,OM,24252.0
احمد,M,OM,19515.0
Jose,M,PA,23250.0
Luis,M,PA,20265.0
Carlos,M,PA,17063.0
Maria,F,PA,12249.0
Juan,M,PA,11510.0
Jorge,M,PA,10143.0
Ana,F,PA,7962.0
Manuel,M,PA,7440.0
Javier,M,PA,7306.0
Ricardo,M,PA,6959.0
Luis,M,PE,81066.0
Carlos,M,PE,76423.0
Jose,M,PE,69930.0
Juan,M,PE,66083.0
Maria,F,PE,54783.0
Jorge,M,PE,46017.0
Rosa,F,PE,37721.0
Cesar,M,PE,35505.0
Miguel,M,PE,34838.0
Victor,M,PE,31869.0
Mark,M,PH,3085.0
John,M,PH,3034.0
Michael,M,PH,2410.0
James,M,PH,2180.0
,M,PH,1743.0
Grace,F,PH,1669.0
Rose,F,PH,1599.0
Maria,F,PH,1524.0
Michelle,F,PH,1479.0
Jay,M,PH,1462.0
Anna,F,PL,60973.0
Agnieszka,F,PL,46796.0
Piotr,M,PL,44896.0
Marcin,M,PL,40962.0
Krzysztof,M,PL,37795.0
Katarzyna,F,PL,36844.0
Ewa,F,PL,35127.0
Monika,F,PL,34735.0
Paweł,M,PL,34719.0
Tomasz,M,PL,34368.0
Jose,M,PR,2872.0
Luis,M,PR,2322.0
Carlos,M,PR,1676.0
Carmen,F,PR,1660.0
Maria,F,PR,1625.0
,M,PR,1498.0
Angel,M,PR,1298.0
Juan,M,PR,1254.0
Jorge,M,PR,908.0
,F,PR,885.0
محمد,M,PS,57056.0
ام,F,PS,23451.0
Ahmad,M,PS,23327.0
احمد,M,PS,22449.0
ابو,M,PS,20181.0
Mohammad,M,PS,16304.0
محمود,M,PS,14299.0
Mohammed,M,PS,13585.0
Ahmed,M,PS,9034.0
Mahmoud,M,PS,8501.0
Ana,F,PT,46674.0
Pedro,M,PT,42881.0
João,M,PT,39078.0
Maria,F,PT,39014.0
Carlos,M,PT,28746.0
Paulo,M,PT,28685.0
Ricardo,M,PT,25342.0
Rui,M,PT,25309.0
Nuno,M,PT,24214.0
Miguel,M,PT,23974.0
Md,M,QA,71838.0
Mohamed,M,QA,21451.0
Mohammed,M,QA,18849.0
,M,QA,15611.0
Ahmed,M,QA,14705.0
Abdul,M,QA,14617.0
Mohammad,M,QA,13535.0
Ali,M,QA,11512.0
Muhammad,M,QA,10114.0
Ram,M,QA,7116.0
Nikola,M,RS,2402.0
Marko,M,RS,2157.0
Jelena,F,RS,1970.0
Aleksandar,M,RS,1861.0
Dragan,M,RS,1772.0
Milan,M,RS,1565.0
Marija,F,RS,1523.0
Zoran,M,RS,1496.0
Milica,F,RS,1490.0
Ivan,M,RS,1465.0
Александр,M,RU,203835.0
Елена,F,RU,189068.0
Сергей,M,RU,183671.0
Татьяна,F,RU,155257.0
Наталья,F,RU,151405.0
Ольга,F,RU,149473.0
Ирина,F,RU,140012.0
Андрей,M,RU,136501.0
Алексей,M,RU,135811.0
Светлана,F,RU,115327.0
محمد,M,SA,561323.0
Md,M,SA,343360.0
احمد,M,SA,228742.0
Muhammad,M,SA,228308.0
ابو,M,SA,211387.0
عبدالله,M,SA,194825.0
Mohammed,M,SA,173916.0
خالد,M,SA,161839.0
Ali,M,SA,161184.0
Ahmed,M,SA,160986.0
محمد,M,SD,256888.0
احمد,M,SD,91421.0
ام,F,SD,53916.0
Ahmed,M,SD,52946.0
Mohammed,M,SD,46977.0
Mohamed,M,SD,46505.0
عبدالله,M,SD,42347.0
علي,M,SD,41024.0
عمر,M,SD,39386.0
ود,M,SD,38300.0
Anna,F,SE,10526.0
Johan,M,SE,9855.0
Maria,F,SE,9150.0
Anders,M,SE,8851.0
Peter,M,SE,7798.0
Fredrik,M,SE,7252.0
Daniel,M,SE,7039.0
Eva,F,SE,6326.0
Magnus,M,SE,5924.0
Mikael,M,SE,5874.0
Md,M,SG,32378.0
Tan,M,SG,11274.0
Lim,M,SG,8552.0
Lee,M,SG,6821.0
Tan,F,SG,6610.0
David,M,SG,6296.0
John,M,SG,5943.0
Nur,F,SG,5765.0
Muhammad,M,SG,5330.0
Jason,M,SG,5069.0
Marko,M,SI,1111.0
Andrej,M,SI,947.0
Matej,M,SI,885.0
Maja,F,SI,808.0
Ana,F,SI,799.0
Luka,M,SI,771.0
Egzon,M,SI,747.0
Tina,F,SI,745.0
Rok,M,SI,745.0
Miha,M,SI,728.0
Jose,M,SV,67.0
Carlos,M,SV,54.0
Luis,M,SV,30.0
Antonio,M,SV,29.0
Maria,F,SV,28.0
Alex,M,SV,28.0
Juan,M,SV,27.0
Roberto,M,SV,26.0
Oscar,M,SV,26.0
Alexander,M,SV,26.0
محمد,,SY,233571.0
ابو,,SY,111828.0
احمد,,SY,99915.0
علي,,SY,88219.0
Ahmad,,SY,69399.0
Ali,,SY,58638.0
محمود,,SY,47680.0
زهرة,,SY,44172.0
أبو,,SY,44123.0
حسن,,SY,36228.0
Serdar,M,TM,156.0
Merdan,M,TM,114.0
Arslan,M,TM,112.0
Maksat,M,TM,97.0
Azat,M,TM,95.0
Batyr,M,TM,79.0
Mekan,M,TM,78.0
Murat,M,TM,75.0
Myrat,M,TM,68.0
Maya,F,TM,67.0
Mohamed,,TN,116314.0
Ahmed,,TN,79517.0
Ali,,TN,46528.0
Aymen,,TN,39750.0
Nour,,TN,29335.0
Walid,,TN,29004.0
Sami,,TN,28200.0
Marwa,,TN,26374.0
Imen,,TN,25649.0
Youssef,,TN,24859.0
Mehmet,,TR,436310.0
Mustafa,,TR,335120.0
Ahmet,,TR,300031.0
Ali,,TR,294114.0
Murat,,TR,216998.0
Hasan,,TR,185174.0
Hüseyin,,TR,144038.0
Yusuf,,TR,131779.0
Fatma,,TR,119695.0
Ramazan,,TR,111314.0
,M,TW,1588.0
Kevin,M,TW,1331.0
David,M,TW,1300.0
Eric,M,TW,1290.0
Jason,M,TW,1287.0
Siti,F,TW,1143.0
James,M,TW,1079.0
Andy,M,TW,1050.0
,F,TW,1026.0
Alex,M,TW,949.0
Jose,M,US,241663.0
Maria,F,US,203315.0
David,M,US,191102.0
Michael,M,US,176122.0
John,M,US,171479.0
Juan,M,US,152631.0
Carlos,M,US,127268.0
Luis,M,US,124227.0
Daniel,M,US,114015.0
Chris,M,US,110313.0
Maria,F,UY,17903.0
Carlos,M,UY,14274.0
Juan,M,UY,13318.0
Daniel,M,UY,12477.0
Pablo,M,UY,12465.0
Luis,M,UY,11711.0
Ana,F,UY,11690.0
Jorge,M,UY,11302.0
Diego,M,UY,10896.0
Marcelo,M,UY,9102.0
محمد,,YE,190708.0
ابو,,YE,71524.0
احمد,,YE,70014.0
علي,,YE,66150.0
عبدالله,,YE,51029.0
خالد,,YE,29162.0
Mohammed,,YE,23733.0
ابراهيم,,YE,21539.0
صالح,,YE,21023.0
عبدالرحمن,,YE,20474.0
Thabo,M,ZA,35320.0
Lerato,F,ZA,30984.0
Tshepo,M,ZA,26042.0
Zanele,F,ZA,25966.0
John,M,ZA,25643.0
Bongani,M,ZA,24802.0
David,M,ZA,24148.0
Thabang,M,ZA,23151.0
Mpho,F,ZA,22594.0
Sipho,M,ZA,22422.0
